Labels,cR,cG,cB
3,0.24138,0.48276,0.55172
16,0,0.17241,0.37931
17,0.62069,0.44828,0.55172
18,0.31034,0.72414,0.068966
19,0.62069,0.75862,1
20,0.58621,0.62069,0.48276
21,1,0.48276,0.68966
22,0.62069,0.034483,0
23,1,0.72414,0.72414
24,0.51724,0.37931,0.7931
25,0.62069,0,0.44828
